[
  {
    "lang": "eng",
    "languageIcon": "../../../assets/eng.png",
    "page": {
        "menuItem":{
            "menu": "MENU",
            "favourite": "FAVOURITE",
            "history": "HISTORY",
            "current": "CURRENT"
        },
        "footer":{
            "title": "Home Page"
        },
        "option":{
            "group": "Group",
            "shift": "Shift",
            "unit": "Unit"
        },
        "content":{
            "productSettings":{
                "speed": {
                    "label": "Speed"
                },
                "air": {
                    "label": "Air"
                },
                "package": {
                    "label": "Package"
                },
                "rotor": {
                    "label": "Rotor"
                }
            },
            "piecing":{
                "amispin": {
                    "label": "AMISpin - Sequence"
                },
                "silverFeedLength": {
                    "label": "Silver feed length",
                    "VP1": "VPI1",
                    "VP2": "VP2",
                    "VP3": "VP3",
                    "VP4": "VP4",
                    "VP5": "VP5"
                },
                "silverFeedSpeed": {
                    "label": "Silver feed speed"
                }
            },
            "qmSettings": {
                "piecer": {
                    "label": "Piecer",
                    "P+": "P+",
                    "P-": "P-"
                },
                "qAlarms":{
                    "label": "Q-Alarms",
                    "CVopt-A": "CVopt-A",
                    "IPI neps-A": "IPI neps-A",
                    "IPI thick-A": "IPI thick-A",
                    "IPI thin-A": "IPI thin-A"
                },
                "yAlarms":{
                    "label": "Y-Alarms",
                    "NSLT-A": "NSLT-A",
                    "SL-A": "SL-A",
                    "MO-A": "MO-A"
                },
                "techAlarms":{
                    "label": "Tech. Alarms",
                    "Ref-A": "Ref-A"
                },
                "slcmo":{
                    "label": "SL-C-MO",
                    "SL+": "SL+",
                    "SL-": "SL-",
                    "C+": "C+",
                    "C-": "C-",
                    "MO": "MO"
                },
                "nslt": {
                    "label": "N-S-L-T",
                    "N": "N",
                    "S1": "S1",
                    "S2": "S2",
                    "S3": "S3",
                    "S4": "S4",
                    "L1": "L1",
                    "L2": "L2",
                    "L3": "L3",
                    "T1": "T1",
                    "T2": "T2",
                    "T3": "T3"
                }
            }
        }
    }
  },
  {
    "lang": "cz",
    "languageIcon": "../../../assets/cze.png",
    "page": {
        "menuItem":{
            "menu": "MENU",
            "favourite": "OBLÍBENÉ",
            "history": "HISTORIE",
            "current": "AKTUÁLNÍ"
        },
        "footer":{
            "title": "Home Page"
        },
        "option":{
            "group": "Skupina",
            "shift": "Směna",
            "unit": "Jednotka"
        },
        "content":{
            "productSettings":{
                "speed": {
                    "label": "Rychlost"
                },
                "air": {
                    "label": "Vzduch"
                },
                "package": {
                    "label": "Balíček"
                },
                "rotor": {
                    "label": "Rotor"
                }
            },
            "piecing":{
                "amispin": {
                    "label": "AMISpin - Sekvence"
                },
                "silverFeedLength": {
                    "label": "Silver přívod délky",
                    "VP1": "VPI1",
                    "VP2": "VP2",
                    "VP3": "VP3",
                    "VP4": "VP4",
                    "VP5": "VP5"
                },
                "silverFeedSpeed": {
                    "label": "Silver přívod rychlosti"
                }
            },
            "qmSettings": {
                "piecer": {
                    "label": "Piecer",
                    "P+": "P+",
                    "P-": "P-"
                },
                "qAlarms":{
                    "label": "Q-Alarmy",
                    "CVopt-A": "CVopt-A",
                    "IPI neps-A": "IPI neps-A",
                    "IPI thick-A": "IPI thick-A",
                    "IPI thin-A": "IPI thin-A"
                },
                "yAlarms":{
                    "label": "Y-Alarmy",
                    "NSLT-A": "NSLT-A",
                    "SL-A": "SL-A",
                    "MO-A": "MO-A"
                },
                "techAlarms":{
                    "label": "Tech. Alarmy",
                    "Ref-A": "Ref-A"
                },
                "slcmo":{
                    "label": "SL-C-MO",
                    "SL+": "SL+",
                    "SL-": "SL-",
                    "C+": "C+",
                    "C-": "C-",
                    "MO": "MO"
                },
                "nslt": {
                    "label": "N-S-L-T",
                    "N": "N",
                    "S1": "S1",
                    "S2": "S2",
                    "S3": "S3",
                    "S4": "S4",
                    "L1": "L1",
                    "L2": "L2",
                    "L3": "L3",
                    "T1": "T1",
                    "T2": "T2",
                    "T3": "T3"
                }
            }
        }
    }
  }
]
